index,lat,long,speed,date,time,air_val,dust,gsr
0,51.538137,-0.060680,0.37,230324,12554600,16,0.00,682
1,51.538312,-0.060822,0.24,230324,12560500,51,0.00,682
2,51.538315,-0.060825,0.55,230324,12560600,50,0.00,681
3,51.538315,-0.060832,0.53,230324,12560700,51,0.00,682
4,51.538315,-0.060827,0.44,230324,12560800,51,0.00,681
5,51.538305,-0.060828,0.32,230324,12560900,51,0.00,682
6,51.538303,-0.060818,0.69,230324,12561000,51,0.00,681
7,51.538302,-0.060815,0.66,230324,12561100,51,0.00,683
8,51.538300,-0.060813,0.59,230324,12561200,51,0.00,684
9,51.538298,-0.060812,0.00,230324,12561300,50,0.62,683
10,51.538297,-0.060808,0.00,230324,12561400,51,0.62,680
11,51.538292,-0.060807,0.00,230324,12561500,50,0.62,682
12,51.538292,-0.060807,0.00,230324,12561700,51,0.62,682
13,51.538292,-0.060807,0.00,230324,12561800,50,0.62,683
14,51.538292,-0.060807,0.00,230324,12561900,50,0.62,682
15,51.538292,-0.060807,0.00,230324,12562000,50,0.62,682
16,51.538308,-0.060788,1.28,230324,12562100,50,0.62,683
17,51.538315,-0.060780,4.48,230324,12562200,51,0.62,682
18,51.538322,-0.060777,0.00,230324,12562300,51,0.62,683
19,51.538320,-0.060772,0.00,230324,12562400,51,0.62,682
20,51.538327,-0.060782,0.00,230324,12562500,50,0.62,682
21,51.538330,-0.060777,1.88,230324,12562600,50,0.62,683
22,51.538335,-0.060773,1.90,230324,12562700,51,0.62,683
23,51.538338,-0.060772,1.12,230324,12562800,51,0.62,682
24,51.538377,-0.060843,1.12,230324,12563000,51,0.62,682
25,51.538398,-0.060877,7.10,230324,12563100,51,0.62,683
26,51.538417,-0.060887,7.10,230324,12563200,51,0.62,682
27,51.538437,-0.060905,7.10,230324,12563300,50,0.62,682
28,51.538452,-0.060935,6.02,230324,12563400,50,0.62,683
29,51.538460,-0.060933,2.20,230324,12563500,51,0.62,683
30,51.538462,-0.060935,0.00,230324,12563600,50,0.62,682
31,51.538468,-0.060943,0.00,230324,12563700,50,0.62,682
32,51.538475,-0.060945,0.97,230324,12563800,50,0.62,682
33,51.538492,-0.060953,0.00,230324,12563900,51,0.62,683
34,51.538493,-0.060948,0.00,230324,12564000,50,0.62,683
35,51.538503,-0.060928,0.00,230324,12564200,50,0.62,683
36,51.538513,-0.060925,0.00,230324,12564300,51,0.62,682
37,51.538522,-0.060928,0.00,230324,12564400,50,0.62,683
38,51.538530,-0.060932,2.04,230324,12564500,50,0.62,682
39,51.538537,-0.060940,2.15,230324,12564600,50,0.62,682
40,51.538542,-0.060952,3.45,230324,12564700,51,0.62,682
41,51.538537,-0.060957,2.57,230324,12564800,51,0.62,682
42,51.538528,-0.060962,1.73,230324,12564900,50,0.62,687
43,51.538527,-0.060967,1.40,230324,12565000,50,0.62,682
44,51.538523,-0.060975,2.47,230324,12565100,50,0.62,683
45,51.538518,-0.060980,2.01,230324,12565200,51,0.62,683
46,51.538512,-0.060990,3.28,230324,12565300,51,0.62,683
47,51.538492,-0.061015,3.28,230324,12565500,51,0.62,683
48,51.538482,-0.061025,3.28,230324,12565600,50,0.62,683
49,51.538478,-0.061038,3.28,230324,12565700,50,0.62,682
50,51.538475,-0.061038,3.28,230324,12565800,50,0.62,682
51,51.538473,-0.061043,0.00,230324,12565900,50,0.62,682
52,51.538477,-0.061052,0.00,230324,12570000,50,0.62,683
53,51.538480,-0.061063,2.41,230324,12570100,51,0.62,682
54,51.538485,-0.061082,2.92,230324,12570200,50,0.62,682
55,51.538485,-0.061105,3.45,230324,12570300,50,0.62,682
56,51.538492,-0.061133,4.32,230324,12570400,50,0.62,683
57,51.538490,-0.061137,3.26,230324,12570500,50,0.62,683
58,51.538498,-0.061167,3.21,230324,12570700,50,0.62,682
59,51.538498,-0.061183,2.87,230324,12570800,50,0.62,682
60,51.538488,-0.061190,3.18,230324,12570900,50,0.62,682
61,51.538483,-0.061202,2.50,230324,12571000,50,0.62,682
62,51.538475,-0.061208,2.05,230324,12571100,50,0.62,682
63,51.538475,-0.061223,1.42,230324,12571200,50,0.62,682
64,51.538477,-0.061242,1.38,230324,12571300,50,0.62,682
65,51.538477,-0.061257,1.62,230324,12571400,50,0.62,682
66,51.538475,-0.061268,1.51,230324,12571500,50,0.62,682
67,51.538478,-0.061285,2.24,230324,12571600,50,0.62,682
68,51.538478,-0.061308,2.92,230324,12571700,50,0.62,683
69,51.538475,-0.061327,2.23,230324,12571800,50,0.62,682
70,51.538445,-0.061393,2.23,230324,12572000,50,0.62,682
71,51.538407,-0.061450,2.23,230324,12572100,50,0.62,682
72,51.538372,-0.061513,11.71,230324,12572200,50,0.62,682
73,51.538338,-0.061593,13.07,230324,12572300,50,0.62,682
74,51.538320,-0.061642,15.31,230324,12572400,50,0.62,682
75,51.538295,-0.061667,13.31,230324,12572500,49,0.62,682
76,51.538323,-0.061630,6.33,230324,12572600,50,0.62,681
77,51.538307,-0.061647,4.14,230324,12572700,50,0.62,682
78,51.538293,-0.061657,3.66,230324,12572800,49,0.62,683
79,51.538300,-0.061687,6.59,230324,12572900,50,0.62,683
80,51.538300,-0.061748,8.42,230324,12573000,50,0.62,683
81,51.538307,-0.061873,9.29,230324,12573200,50,0.62,683
82,51.538310,-0.061903,9.37,230324,12573300,49,0.62,682
83,51.538313,-0.061942,8.07,230324,12573400,49,0.62,683
84,51.538325,-0.061948,7.41,230324,12573500,49,0.62,683
85,51.538327,-0.061962,7.41,230324,12573600,49,0.62,683
86,51.538330,-0.061990,4.05,230324,12573700,50,0.62,682
87,51.538332,-0.062018,3.58,230324,12573800,49,0.62,682
88,51.538335,-0.062015,2.70,230324,12573900,49,0.62,682
89,51.538342,-0.061993,2.96,230324,12574000,50,0.62,683
90,51.538350,-0.061995,3.07,230324,12574100,49,0.62,683
91,51.538362,-0.061995,3.58,230324,12574200,49,0.62,683
92,51.538377,-0.061997,4.65,230324,12574300,50,0.62,683
93,51.538400,-0.061997,4.65,230324,12574500,50,0.62,683
94,51.538413,-0.062002,4.65,230324,12574600,50,0.62,682
95,51.538413,-0.062000,4.65,230324,12574700,50,0.62,684
96,51.538422,-0.061997,4.65,230324,12574800,50,0.62,683
97,51.538433,-0.061990,3.42,230324,12574900,49,0.62,683
98,51.538447,-0.061982,4.60,230324,12575000,50,0.62,684
99,51.538457,-0.061963,5.06,230324,12575100,50,0.62,683
100,51.538468,-0.061945,5.39,230324,12575200,50,0.62,683
101,51.538482,-0.061932,5.04,230324,12575300,50,0.62,683
102,51.538493,-0.061927,4.60,230324,12575400,50,0.62,684
103,51.538503,-0.061918,4.79,230324,12575500,50,0.62,683
104,51.538520,-0.061922,5.21,230324,12575600,50,0.62,683
105,51.538547,-0.061915,5.36,230324,12575800,50,0.62,683
106,51.538562,-0.061908,5.28,230324,12575900,50,0.62,683
107,51.538573,-0.061908,5.28,230324,12580000,50,0.62,683
108,51.538587,-0.061928,5.28,230324,12580100,50,0.62,683
109,51.538597,-0.061923,4.80,230324,12580200,50,0.62,682
110,51.538608,-0.061925,3.82,230324,12580300,50,0.62,682
111,51.538622,-0.061915,3.86,230324,12580400,50,0.62,682
112,51.538632,-0.061907,4.14,230324,12580500,50,0.62,684
113,51.538647,-0.061902,3.86,230324,12580600,50,0.62,684
114,51.538658,-0.061903,3.84,230324,12580700,50,0.62,684
115,51.538668,-0.061908,2.84,230324,12580800,50,0.62,684
116,51.538683,-0.061925,2.90,230324,12581000,50,0.62,684
117,51.538680,-0.061953,2.90,230324,12581100,50,0.62,684
118,51.538680,-0.061978,3.57,230324,12581200,50,0.62,684
119,51.538680,-0.062010,3.57,230324,12581300,50,0.62,682
120,51.538687,-0.062050,3.57,230324,12581400,50,0.62,683
121,51.538695,-0.062083,4.91,230324,12581500,50,0.62,683
122,51.538705,-0.062102,5.02,230324,12581600,50,0.62,683
123,51.538717,-0.062120,4.56,230324,12581700,49,0.62,683
124,51.538732,-0.062128,3.86,230324,12581800,50,0.62,683
125,51.538742,-0.062137,3.29,230324,12581900,50,0.62,683
126,51.538758,-0.062140,3.04,230324,12582000,49,0.62,683
127,51.538772,-0.062150,2.83,230324,12582100,50,0.62,683
128,51.538788,-0.062132,3.48,230324,12582300,50,0.62,683
129,51.538798,-0.062128,3.48,230324,12582400,50,0.62,683
130,51.538808,-0.062132,3.51,230324,12582500,49,0.62,683
131,51.538815,-0.062118,3.51,230324,12582600,49,0.62,682
132,51.538823,-0.062103,3.72,230324,12582700,50,0.62,682
133,51.538832,-0.062092,3.72,230324,12582800,49,0.62,683
134,51.538852,-0.062088,4.25,230324,12582900,49,0.62,682
135,51.538862,-0.062100,5.72,230324,12583000,50,0.62,683
136,51.538878,-0.062147,5.55,230324,12583100,49,0.62,683
137,51.538897,-0.062158,5.45,230324,12583200,50,0.62,684
138,51.538915,-0.062160,5.44,230324,12583300,50,0.62,683
139,51.538935,-0.062163,4.57,230324,12583500,50,0.62,683
140,51.538950,-0.062178,4.57,230324,12583600,49,0.62,682
141,51.538965,-0.062200,4.57,230324,12583700,50,0.62,682
142,51.538977,-0.062208,3.79,230324,12583800,50,0.62,682
143,51.538988,-0.062218,3.79,230324,12583900,49,0.62,682
144,51.538997,-0.062228,3.79,230324,12584000,49,0.62,683
145,51.539005,-0.062235,3.16,230324,12584100,49,0.62,683
146,51.539015,-0.062243,2.62,230324,12584200,50,0.62,683
147,51.539025,-0.062257,2.70,230324,12584300,49,0.62,682
148,51.539030,-0.062268,2.66,230324,12584400,50,0.62,682
149,51.539042,-0.062277,2.27,230324,12584500,50,0.62,683
150,51.539050,-0.062282,2.38,230324,12584600,50,0.62,683
151,51.539070,-0.062292,2.38,230324,12584800,50,0.62,682
152,51.539075,-0.062290,2.30,230324,12584900,50,0.62,683
153,51.539085,-0.062293,2.30,230324,12585000,50,0.62,682
154,51.539100,-0.062302,2.89,230324,12585100,49,0.62,682
155,51.539132,-0.062305,2.89,230324,12585200,49,0.62,682
156,51.539142,-0.062293,7.17,230324,12585300,49,0.62,682
157,51.539160,-0.062305,6.12,230324,12585400,49,0.62,681
158,51.539167,-0.062293,5.48,230324,12585500,49,0.62,682
159,51.539175,-0.062298,4.84,230324,12585600,49,0.62,682
160,51.539185,-0.062305,3.87,230324,12585700,49,0.62,683
161,51.539195,-0.062310,3.15,230324,12585800,49,0.62,683
162,51.539220,-0.062332,3.15,230324,12590000,50,0.62,683
163,51.539232,-0.062342,3.26,230324,12590100,50,0.62,682
164,51.539247,-0.062350,3.26,230324,12590200,50,0.62,683
165,51.539258,-0.062360,3.26,230324,12590300,50,0.62,682
166,51.539268,-0.062365,3.26,230324,12590400,49,0.62,682
167,51.539278,-0.062372,3.26,230324,12590500,49,0.62,682
168,51.539282,-0.062368,3.46,230324,12590600,49,0.62,682
169,51.539297,-0.062363,2.77,230324,12590700,49,0.62,682
170,51.539308,-0.062357,3.37,230324,12590800,49,0.62,682
171,51.539325,-0.062348,3.74,230324,12590900,50,0.62,682
172,51.539342,-0.062330,4.72,230324,12591000,49,0.62,682
173,51.539358,-0.062303,6.63,230324,12591100,49,0.62,682
174,51.539387,-0.062310,5.77,230324,12591300,49,0.62,682
175,51.539393,-0.062342,5.77,230324,12591400,49,0.62,682
176,51.539402,-0.062358,3.03,230324,12591500,49,0.62,683
177,51.539410,-0.062370,2.85,230324,12591600,49,0.62,682
178,51.539413,-0.062383,3.15,230324,12591700,49,0.62,682
179,51.539413,-0.062412,2.90,230324,12591800,49,0.62,683
180,51.539412,-0.062438,2.41,230324,12591900,49,0.62,682
181,51.539405,-0.062457,1.96,230324,12592000,49,0.62,682
182,51.539395,-0.062492,4.00,230324,12592100,49,0.62,682
183,51.539385,-0.062580,4.25,230324,12592200,50,0.62,682
184,51.539398,-0.062607,5.95,230324,12592300,49,0.62,682
185,51.539413,-0.062615,5.95,230324,12592500,49,0.62,682
186,51.539417,-0.062598,3.28,230324,12592600,49,0.62,682
187,51.539420,-0.062590,3.28,230324,12592700,49,0.62,682
188,51.539430,-0.062603,1.55,230324,12592800,49,0.62,683
189,51.539435,-0.062612,1.55,230324,12592900,49,0.62,682
190,51.539442,-0.062613,1.76,230324,12593000,49,0.62,682
191,51.539448,-0.062613,1.83,230324,12593100,49,0.62,682
192,51.539455,-0.062608,1.62,230324,12593200,48,0.62,682
193,51.539460,-0.062602,2.00,230324,12593300,48,0.62,682
194,51.539480,-0.062623,2.65,230324,12593400,48,0.62,682
195,51.539497,-0.062647,2.54,230324,12593500,48,0.62,683
196,51.539510,-0.062665,2.51,230324,12593600,48,0.62,682
197,51.539538,-0.062698,2.62,230324,12593800,49,0.62,682
198,51.539555,-0.062717,2.62,230324,12593900,48,0.62,682
199,51.539567,-0.062725,2.80,230324,12594000,49,0.62,682
200,51.539583,-0.062737,2.80,230324,12594100,49,0.62,681
201,51.539603,-0.062753,2.80,230324,12594200,49,0.62,682
202,51.539617,-0.062763,3.33,230324,12594300,49,0.62,682
203,51.539628,-0.062772,3.06,230324,12594400,49,0.62,682
204,51.539640,-0.062778,2.92,230324,12594500,49,0.62,682
205,51.539647,-0.062782,2.64,230324,12594600,49,0.62,682
206,51.539650,-0.062788,2.06,230324,12594700,49,0.62,683
207,51.539648,-0.062793,1.63,230324,12594800,49,0.62,683
208,51.539648,-0.062815,0.94,230324,12594900,49,0.62,683
209,51.539663,-0.062813,1.44,230324,12595100,49,0.62,682
210,51.539675,-0.062803,1.60,230324,12595200,49,0.62,682
211,51.539685,-0.062795,2.27,230324,12595300,49,0.62,682
212,51.539690,-0.062783,2.36,230324,12595400,49,0.62,682
213,51.539693,-0.062775,2.36,230324,12595500,49,0.62,682
214,51.539695,-0.062767,1.80,230324,12595600,49,0.62,682
215,51.539698,-0.062758,1.31,230324,12595700,49,0.62,682
216,51.539703,-0.062752,1.06,230324,12595800,49,0.62,682
217,51.539703,-0.062730,1.29,230324,12595900,49,0.62,682
218,51.539702,-0.062707,1.78,230324,13000000,49,0.62,683
219,51.539693,-0.062670,4.25,230324,13000100,49,0.62,683
220,51.539693,-0.062617,4.79,230324,13000300,49,0.62,682
221,51.539693,-0.062585,3.87,230324,13000400,49,0.62,682
222,51.539692,-0.062560,3.87,230324,13000500,49,0.62,682
223,51.539692,-0.062538,3.87,230324,13000600,49,0.62,683
224,51.539690,-0.062508,4.11,230324,13000700,49,0.62,682
225,51.539695,-0.062473,4.11,230324,13000800,49,0.62,682
226,51.539693,-0.062440,4.11,230324,13000900,49,0.62,682
227,51.539695,-0.062407,4.11,230324,13001000,49,0.62,682
228,51.539697,-0.062382,4.11,230324,13001100,49,0.62,682
229,51.539702,-0.062357,5.18,230324,13001200,49,0.62,682
230,51.539702,-0.062348,4.53,230324,13001300,49,0.62,682
231,51.539707,-0.062337,3.10,230324,13001400,49,0.62,682
232,51.539713,-0.062327,2.31,230324,13001500,49,0.62,683
233,51.539737,-0.062335,1.75,230324,13001600,49,0.62,683
234,51.539757,-0.062328,4.64,230324,13001700,49,0.62,682
235,51.539782,-0.062327,5.14,230324,13001900,49,0.62,682
236,51.539788,-0.062330,5.14,230324,13002000,49,0.62,682
237,51.539790,-0.062340,4.15,230324,13002100,49,0.62,682
238,51.539798,-0.062327,4.15,230324,13002200,49,0.62,682
239,51.539803,-0.062317,2.32,230324,13002300,49,0.62,682
240,51.539805,-0.062303,1.52,230324,13002400,49,0.62,682
241,51.539805,-0.062290,1.20,230324,13002500,49,0.62,683
242,51.539803,-0.062275,1.93,230324,13002600,49,0.62,682
243,51.539803,-0.062258,2.84,230324,13002700,49,0.62,682
244,51.539802,-0.062240,3.18,230324,13002800,49,0.62,682
245,51.539803,-0.062225,3.57,230324,13002900,49,0.62,682
246,51.539802,-0.062210,2.27,230324,13003000,49,0.62,682
247,51.539812,-0.062205,1.78,230324,13003200,49,0.62,682
248,51.539822,-0.062213,0.92,230324,13003300,48,0.62,683
249,51.539832,-0.062215,0.92,230324,13003400,49,0.62,683
250,51.539840,-0.062218,0.92,230324,13003500,49,0.62,683
251,51.539850,-0.062220,0.92,230324,13003600,49,0.62,683
252,51.539873,-0.062235,6.27,230324,13003700,49,0.62,683
253,51.539898,-0.062268,7.87,230324,13003800,49,0.62,683
254,51.539927,-0.062302,9.77,230324,13003900,48,0.62,683
255,51.539938,-0.062315,10.77,230324,13004000,48,0.62,683
256,51.539945,-0.062328,10.07,230324,13004100,49,0.62,683
257,51.539952,-0.062347,9.86,230324,13004200,49,0.62,683
258,51.539967,-0.062370,9.82,230324,13004400,49,0.62,683
259,51.539958,-0.062375,9.82,230324,13004500,49,0.62,683
260,51.539977,-0.062345,9.82,230324,13004600,49,0.62,683
261,51.539967,-0.062305,9.82,230324,13004700,49,0.62,683
262,51.539973,-0.062263,9.82,230324,13004800,49,0.62,683
263,51.539987,-0.062255,1.52,230324,13004900,49,0.62,682
264,51.539995,-0.062238,1.20,230324,13005000,49,0.62,683
265,51.539990,-0.062215,1.63,230324,13005100,49,0.62,683
266,51.539993,-0.062203,1.91,230324,13005200,49,0.62,683
267,51.539990,-0.062150,3.44,230324,13005300,49,0.62,683
268,51.539988,-0.062095,4.26,230324,13005400,49,0.62,683
269,51.539992,-0.062050,4.84,230324,13005500,49,0.62,683
270,51.539992,-0.062050,4.91,230324,13005500,49,0.62,683
271,51.539992,-0.061928,4.91,230324,13005800,49,0.62,683
272,51.539993,-0.061897,4.91,230324,13005900,49,0.62,682
273,51.539995,-0.061870,4.91,230324,13010000,49,0.62,683
274,51.539998,-0.061843,4.20,230324,13010100,49,0.62,682
275,51.539998,-0.061812,3.87,230324,13010200,49,0.62,683
276,51.540002,-0.061768,3.82,230324,13010300,49,0.62,683
277,51.540007,-0.061732,4.20,230324,13010400,49,0.62,682
278,51.540010,-0.061702,4.05,230324,13010500,49,0.62,683
279,51.540012,-0.061670,3.84,230324,13010600,49,0.62,683
280,51.540010,-0.061643,3.89,230324,13010700,49,0.62,683
281,51.540023,-0.061612,4.15,230324,13010800,49,0.62,682
282,51.540008,-0.061552,3.92,230324,13011000,49,0.62,683
283,51.540007,-0.061538,3.54,230324,13011100,49,0.62,683
284,51.540002,-0.061525,3.08,230324,13011200,49,0.62,683
285,51.540013,-0.061510,2.45,230324,13011300,49,0.62,683
286,51.540022,-0.061488,2.20,230324,13011400,48,0.62,683
287,51.540028,-0.061465,2.44,230324,13011500,49,0.62,682
288,51.540063,-0.061453,2.81,230324,13011600,48,0.62,682
289,51.540070,-0.061443,3.54,230324,13011700,49,0.62,682
290,51.540082,-0.061435,3.33,230324,13011800,49,0.62,682
291,51.540093,-0.061425,3.03,230324,13011900,48,0.62,682
292,51.540108,-0.061405,3.42,230324,13012000,49,0.62,682
293,51.540137,-0.061392,3.42,230324,13012200,48,0.62,682
294,51.540167,-0.061408,4.03,230324,13012300,49,0.62,683
295,51.540183,-0.061415,3.82,230324,13012400,49,0.62,683
296,51.540192,-0.061422,3.82,230324,13012500,49,0.62,682
297,51.540202,-0.061422,3.73,230324,13012600,49,0.62,682
298,51.540210,-0.061420,3.73,230324,13012700,49,0.62,682
299,51.540225,-0.061425,3.58,230324,13012800,49,0.62,682
300,51.540238,-0.061420,3.27,230324,13012900,49,0.62,683
301,51.540247,-0.061400,3.02,230324,13013000,49,0.62,682
302,51.540252,-0.061393,2.83,230324,13013100,49,0.62,682
303,51.540252,-0.061392,2.73,230324,13013200,49,0.62,682
304,51.540263,-0.061393,2.75,230324,13013300,49,0.62,682
305,51.540292,-0.061455,2.75,230324,13013600,48,0.62,683
306,51.540308,-0.061470,2.51,230324,13013700,49,0.62,683
307,51.540320,-0.061485,2.76,230324,13013800,48,0.62,682
308,51.540338,-0.061502,2.76,230324,13013900,49,0.62,682
309,51.540355,-0.061517,3.15,230324,13014000,48,0.62,682
310,51.540370,-0.061533,3.08,230324,13014100,49,0.62,682
311,51.540393,-0.061548,2.74,230324,13014200,48,0.62,682
312,51.540418,-0.061562,2.72,230324,13014300,48,0.62,682
313,51.540440,-0.061555,3.29,230324,13014400,48,0.62,682
314,51.540443,-0.061568,3.16,230324,13014500,49,0.62,683
315,51.540455,-0.061575,2.91,230324,13014600,48,0.62,682
316,51.540460,-0.061578,3.82,230324,13014700,48,0.62,682
317,51.540472,-0.061555,3.82,230324,13014900,49,0.62,682
318,51.540475,-0.061538,3.60,230324,13015000,49,0.62,682
319,51.540483,-0.061540,2.83,230324,13015100,48,0.62,682
320,51.540492,-0.061542,2.83,230324,13015200,49,0.62,682
321,51.540495,-0.061538,1.68,230324,13015300,48,0.62,682
322,51.540498,-0.061535,1.61,230324,13015400,48,0.62,682
323,51.540505,-0.061535,1.51,230324,13015500,48,0.62,682
324,51.540510,-0.061535,1.52,230324,13015600,48,0.62,682
325,51.540520,-0.061537,1.54,230324,13015700,48,0.62,682
326,51.540530,-0.061543,1.30,230324,13015800,48,0.62,682
327,51.540538,-0.061543,1.76,230324,13015900,48,0.62,682
328,51.540560,-0.061540,2.05,230324,13020100,48,0.62,682
329,51.540578,-0.061555,2.26,230324,13020200,48,0.62,682
330,51.540607,-0.061570,2.26,230324,13020300,49,0.62,682
331,51.540628,-0.061583,3.19,230324,13020400,48,0.62,682
332,51.540650,-0.061593,3.45,230324,13020500,48,0.62,682
333,51.540662,-0.061590,3.66,230324,13020600,48,0.62,682
334,51.540678,-0.061588,3.22,230324,13020700,48,0.62,682
335,51.540695,-0.061583,3.36,230324,13020800,48,0.62,682
336,51.540707,-0.061572,3.83,230324,13020900,48,0.62,682
337,51.540720,-0.061560,4.10,230324,13021000,48,0.62,683
338,51.540735,-0.061558,3.59,230324,13021100,49,0.62,682
339,51.540743,-0.061548,3.54,230324,13021200,48,0.62,682
340,51.540770,-0.061482,3.54,230324,13021400,49,0.62,682
341,51.540780,-0.061430,3.54,230324,13021500,48,0.62,682
342,51.540780,-0.061378,8.57,230324,13021600,49,0.62,682
343,51.540768,-0.061338,8.57,230324,13021700,48,0.62,682
344,51.540747,-0.061315,8.58,230324,13021800,48,0.62,682
345,51.540713,-0.061293,8.22,230324,13021900,48,0.62,682
346,51.540685,-0.061273,7.99,230324,13022000,48,0.62,682
347,51.540688,-0.061313,7.93,230324,13022100,49,0.62,682
348,51.540698,-0.061338,5.98,230324,13022200,48,0.62,682
349,51.540720,-0.061368,4.22,230324,13022300,48,0.62,682
350,51.540743,-0.061400,2.38,230324,13022400,48,0.62,682
351,51.540747,-0.061413,0.00,230324,13022500,48,0.62,682
352,51.540770,-0.061428,3.03,230324,13022700,48,0.62,682
353,51.540780,-0.061435,3.21,230324,13022800,48,0.62,681
354,51.540790,-0.061440,3.21,230324,13022900,48,0.62,682
355,51.540810,-0.061443,2.90,230324,13023000,48,0.62,682
356,51.540833,-0.061445,2.90,230324,13023100,48,0.62,682
357,51.540853,-0.061445,5.37,230324,13023200,48,0.62,682
358,51.540870,-0.061448,5.40,230324,13023300,48,0.62,682
359,51.540882,-0.061453,4.89,230324,13023400,48,0.62,682
360,51.540885,-0.061455,4.71,230324,13023500,48,0.62,682
361,51.540882,-0.061442,3.81,230324,13023600,48,0.62,682
362,51.540888,-0.061458,2.31,230324,13023700,48,0.62,682
363,51.540912,-0.061500,2.31,230324,13023900,48,0.62,682
364,51.540928,-0.061520,1.96,230324,13024000,48,0.62,682
365,51.540947,-0.061562,1.96,230324,13024100,48,0.62,682
366,51.540932,-0.061545,1.96,230324,13024200,48,0.62,682
367,51.540947,-0.061558,0.00,230324,13024300,48,0.62,683
368,51.540965,-0.061568,0.00,230324,13024400,48,0.62,683
369,51.540978,-0.061570,3.35,230324,13024500,48,0.62,683
370,51.540995,-0.061582,2.80,230324,13024600,48,0.62,682
371,51.541005,-0.061592,2.78,230324,13024700,49,0.62,682
372,51.541030,-0.061598,2.65,230324,13024800,48,0.62,683
373,51.541042,-0.061612,2.36,230324,13024900,48,0.62,683
374,51.541053,-0.061622,3.06,230324,13025000,48,0.62,682
375,51.541062,-0.061613,2.95,230324,13025200,49,0.62,682
376,51.541058,-0.061602,2.95,230324,13025300,49,0.62,682
377,51.541067,-0.061597,2.95,230324,13025400,48,0.62,682
378,51.541078,-0.061602,2.74,230324,13025500,49,0.62,682
379,51.541085,-0.061600,2.35,230324,13025600,48,0.62,682
380,51.541095,-0.061598,2.58,230324,13025700,48,0.62,683
381,51.541107,-0.061607,2.99,230324,13025800,49,0.62,683
382,51.541120,-0.061625,3.68,230324,13025900,48,0.62,682
383,51.541135,-0.061633,4.81,230324,13030000,48,0.62,682
384,51.541157,-0.061625,5.62,230324,13030100,48,0.62,682
385,51.541175,-0.061610,6.73,230324,13030200,49,0.62,682
386,51.541198,-0.061585,6.59,230324,13030300,48,0.62,682
387,51.541227,-0.061555,5.95,230324,13030500,48,0.62,682
388,51.541238,-0.061543,5.26,230324,13030600,49,0.62,682
389,51.541237,-0.061587,5.73,230324,13030700,48,0.62,682
390,51.541243,-0.061595,5.22,230324,13030800,49,0.62,682
391,51.541242,-0.061595,4.89,230324,13030900,48,0.62,682
392,51.541253,-0.061608,4.50,230324,13031000,48,0.62,682
393,51.541268,-0.061605,5.14,230324,13031100,48,0.62,682
394,51.541280,-0.061600,6.81,230324,13031200,49,0.62,682
395,51.541303,-0.061588,6.88,230324,13031300,48,0.62,682
396,51.541303,-0.061613,6.32,230324,13031400,49,0.62,682
397,51.541295,-0.061640,4.32,230324,13031500,48,0.62,682
398,51.541290,-0.061635,2.45,230324,13031600,48,0.62,683
399,51.541298,-0.061660,2.61,230324,13031800,48,0.62,682
400,51.541297,-0.061680,2.96,230324,13031900,49,0.62,683
401,51.541303,-0.061690,2.96,230324,13032000,49,0.62,683
402,51.541310,-0.061693,2.96,230324,13032100,48,0.62,683
403,51.541322,-0.061700,3.03,230324,13032200,48,0.62,683
404,51.541342,-0.061708,2.50,230324,13032300,48,0.62,683
405,51.541353,-0.061710,2.88,230324,13032400,48,0.62,682
406,51.541363,-0.061703,3.02,230324,13032500,48,0.62,682
407,51.541372,-0.061695,3.11,230324,13032600,48,0.62,682
408,51.541385,-0.061700,3.27,230324,13032700,48,0.62,682
409,51.541393,-0.061702,2.66,230324,13032800,48,0.62,683
410,51.541410,-0.061715,2.26,230324,13033000,48,0.62,683
411,51.541420,-0.061723,2.26,230324,13033100,48,0.62,683
412,51.541427,-0.061722,3.06,230324,13033200,48,0.62,683
413,51.541430,-0.061722,3.06,230324,13033300,48,0.62,682
414,51.541432,-0.061712,1.06,230324,13033400,48,0.62,682
415,51.541435,-0.061698,0.00,230324,13033500,48,0.62,682
416,51.541438,-0.061690,0.00,230324,13033600,48,0.62,682
417,51.541442,-0.061682,1.57,230324,13033700,48,0.62,682
418,51.541440,-0.061673,1.32,230324,13033800,49,0.62,683
419,51.541440,-0.061670,0.00,230324,13033900,48,0.62,682
420,51.541442,-0.061660,1.91,230324,13034000,48,0.62,682
421,51.541453,-0.061627,1.91,230324,13034300,48,0.62,682
422,51.541457,-0.061615,2.11,230324,13034400,48,0.62,682
423,51.541460,-0.061605,1.82,230324,13034500,48,0.62,682
424,51.541462,-0.061595,1.57,230324,13034600,48,0.62,682
425,51.541462,-0.061583,1.57,230324,13034700,49,0.62,682
426,51.541463,-0.061570,2.11,230324,13034800,48,0.62,682
427,51.541465,-0.061557,2.07,230324,13034900,48,0.62,683
428,51.541467,-0.061547,1.86,230324,13035000,49,0.62,682
429,51.541470,-0.061535,1.80,230324,13035100,49,0.62,683
430,51.541470,-0.061525,1.50,230324,13035200,48,0.62,683
431,51.541470,-0.061517,1.40,230324,13035300,48,0.62,683
432,51.541470,-0.061508,1.23,230324,13035400,49,0.62,682
433,51.541468,-0.061492,1.23,230324,13035600,48,0.62,683
434,51.541432,-0.061427,1.23,230324,13035700,48,0.62,683
435,51.541395,-0.061367,1.23,230324,13035800,49,0.62,683
436,51.541357,-0.061310,1.23,230324,13035900,48,0.62,683
437,51.541323,-0.061260,8.93,230324,13040000,48,0.62,683
438,51.541287,-0.061197,9.77,230324,13040100,49,0.62,683
439,51.541253,-0.061130,11.17,230324,13040200,48,0.62,682
440,51.541217,-0.061052,12.30,230324,13040300,48,0.62,682
441,51.541185,-0.060967,13.59,230324,13040400,48,0.62,682
442,51.541155,-0.060880,14.33,230324,13040500,48,0.62,682
443,51.541128,-0.060788,14.53,230324,13040600,48,0.62,683
444,51.541078,-0.060615,16.61,230324,13040800,48,0.62,682
445,51.541043,-0.060600,16.61,230324,13040900,49,0.62,682
446,51.541057,-0.060600,16.61,230324,13041000,48,0.62,682
447,51.541113,-0.060592,16.61,230324,13041100,48,0.62,682
448,51.541147,-0.060615,9.98,230324,13041200,49,0.62,683
449,51.541192,-0.060635,8.40,230324,13041300,48,0.62,683
450,51.541250,-0.060667,7.31,230324,13041400,49,0.62,682
451,51.541300,-0.060687,6.52,230324,13041500,48,0.62,683
452,51.541337,-0.060705,5.71,230324,13041600,48,0.62,683
453,51.541378,-0.060720,4.51,230324,13041700,48,0.62,683
454,51.541400,-0.060737,3.41,230324,13041800,48,0.62,682
455,51.541427,-0.060755,2.59,230324,13041900,48,0.62,683
456,51.541467,-0.060717,1.92,230324,13042100,48,0.62,683
457,51.541472,-0.060652,3.46,230324,13042200,48,0.62,683
458,51.541492,-0.060607,3.44,230324,13042300,48,0.62,683
459,51.541520,-0.060570,3.67,230324,13042400,48,0.62,683
460,51.541540,-0.060542,3.68,230324,13042500,48,0.62,683
461,51.541563,-0.060535,3.30,230324,13042600,48,0.62,682
462,51.541568,-0.060523,2.84,230324,13042700,48,0.62,683
463,51.541543,-0.060480,2.47,230324,13042800,48,0.62,690
464,51.541537,-0.060457,2.08,230324,13042900,49,0.62,683
465,51.541527,-0.060432,2.03,230324,13043000,48,0.62,683
466,51.541517,-0.060417,1.47,230324,13043100,48,0.62,683
467,51.541517,-0.060413,0.00,230324,13043200,48,0.62,683
468,51.541505,-0.060465,0.00,230324,13043400,48,0.62,682
469,51.541490,-0.060490,3.21,230324,13043500,48,0.62,683
470,51.541480,-0.060545,3.34,230324,13043600,48,0.62,682
471,51.541465,-0.060572,3.34,230324,13043700,48,0.62,682
472,51.541455,-0.060613,3.41,230324,13043800,48,0.62,682
473,51.541457,-0.060642,3.02,230324,13043900,48,0.62,683
474,51.541450,-0.060655,1.73,230324,13044000,49,0.62,683
475,51.541448,-0.060675,1.09,230324,13044100,48,0.62,683
476,51.541452,-0.060695,2.68,230324,13044200,48,0.62,683
477,51.541448,-0.060732,5.32,230324,13044300,48,0.62,683
478,51.541448,-0.060763,6.73,230324,13044400,48,0.62,683
479,51.541450,-0.060782,5.60,230324,13044500,48,0.62,683
480,51.541455,-0.060772,3.71,230324,13044700,48,0.62,683
481,51.541453,-0.060752,1.58,230324,13044800,48,0.62,683
482,51.541455,-0.060732,0.00,230324,13044900,49,0.62,683
483,51.541455,-0.060703,0.00,230324,13045000,49,0.62,683
484,51.541450,-0.060692,0.00,230324,13045100,48,0.62,683
485,51.541448,-0.060660,3.42,230324,13045200,49,0.62,682
486,51.541440,-0.060620,4.51,230324,13045300,48,0.62,683
487,51.541437,-0.060602,5.64,230324,13045400,48,0.62,683
488,51.541432,-0.060590,5.39,230324,13045500,48,0.62,682
489,51.541458,-0.060540,4.98,230324,13045600,48,0.62,682
490,51.541478,-0.060437,8.29,230324,13045700,48,0.62,683
491,51.541488,-0.060297,11.25,230324,13045900,48,0.62,683
492,51.541490,-0.060310,10.30,230324,13050000,48,0.62,683
493,51.541490,-0.060282,10.30,230324,13050100,48,0.62,683
494,51.541507,-0.060308,5.10,230324,13050200,48,0.62,682
495,51.541517,-0.060322,4.21,230324,13050300,48,0.62,683
496,51.541502,-0.060318,4.21,230324,13050400,48,0.62,682
497,51.541513,-0.060318,2.15,230324,13050500,48,0.62,683
498,51.541507,-0.060308,1.46,230324,13050600,49,0.62,683
499,51.541495,-0.060298,2.09,230324,13050700,48,0.62,682
500,51.541495,-0.060275,2.85,230324,13050800,48,0.62,683
501,51.541487,-0.060248,3.60,230324,13050900,48,0.62,682
502,51.541490,-0.060228,5.02,230324,13051000,48,0.62,682
503,51.541497,-0.060183,4.23,230324,13051200,48,0.62,682
504,51.541493,-0.060148,4.59,230324,13051300,48,0.62,682
505,51.541502,-0.060103,4.59,230324,13051400,48,0.62,683
506,51.541508,-0.060055,4.59,230324,13051500,48,0.62,682
507,51.541515,-0.060007,4.59,230324,13051600,48,0.62,682
508,51.541517,-0.059970,8.01,230324,13051700,48,0.62,683
509,51.541512,-0.059932,7.56,230324,13051800,48,0.62,683
510,51.541508,-0.059892,7.91,230324,13051900,48,0.62,683
511,51.541505,-0.059842,8.09,230324,13052000,47,0.62,683
512,51.541507,-0.059800,8.78,230324,13052100,48,0.62,683
513,51.541507,-0.059738,8.14,230324,13052200,48,0.62,682
514,51.541512,-0.059658,7.93,230324,13052400,47,0.62,683
515,51.541520,-0.059643,7.93,230324,13052500,48,0.62,683
516,51.541527,-0.059633,7.93,230324,13052600,48,0.62,682
517,51.541528,-0.059625,2.34,230324,13052700,48,0.62,682
518,51.541522,-0.059587,2.34,230324,13052800,47,0.62,682
519,51.541518,-0.059567,6.82,230324,13052900,47,0.62,682
520,51.541520,-0.059553,6.81,230324,13053000,47,0.62,682
521,51.541527,-0.059523,5.14,230324,13053100,47,0.62,682
522,51.541523,-0.059503,5.03,230324,13053200,47,0.62,682
523,51.541520,-0.059488,5.41,230324,13053300,47,0.62,682
524,51.541523,-0.059488,4.66,230324,13053400,48,0.62,682
525,51.541525,-0.059468,0.00,230324,13053500,48,0.62,683
526,51.541538,-0.059430,0.00,230324,13053700,48,0.62,683
527,51.541540,-0.059420,1.77,230324,13053800,48,0.62,683
528,51.541543,-0.059410,1.77,230324,13053900,47,0.62,682
529,51.541550,-0.059400,2.21,230324,13054000,47,0.62,683
530,51.541553,-0.059388,2.21,230324,13054100,48,0.62,682
531,51.541553,-0.059375,2.15,230324,13054200,48,0.62,683
532,51.541545,-0.059395,2.64,230324,13054300,48,0.62,682
533,51.541548,-0.059382,2.67,230324,13054400,48,0.62,682
534,51.541548,-0.059400,2.80,230324,13054500,48,0.62,682
535,51.541543,-0.059405,2.65,230324,13054600,47,0.62,682
536,51.541540,-0.059407,2.67,230324,13054700,48,0.62,682
537,51.541537,-0.059418,1.74,230324,13054800,48,0.62,682
538,51.541527,-0.059432,1.74,230324,13055000,48,0.62,682
539,51.541522,-0.059432,1.74,230324,13055100,48,0.62,682
540,51.541522,-0.059427,0.00,230324,13055200,48,0.62,682
541,51.541522,-0.059427,0.00,230324,13055300,48,0.62,682
542,51.541527,-0.059415,0.00,230324,13055400,47,0.62,682
543,51.541540,-0.059420,1.51,230324,13055500,48,0.62,682
544,51.541553,-0.059410,1.82,230324,13055600,48,0.62,682
545,51.541570,-0.059423,2.13,230324,13055700,48,0.62,683
546,51.541588,-0.059438,2.01,230324,13055800,48,0.62,683
547,51.541593,-0.059468,0.00,230324,13055900,47,0.62,682
548,51.541593,-0.059495,0.00,230324,13060000,48,0.62,682
549,51.541568,-0.059495,2.46,230324,13060200,48,0.62,682
550,51.541552,-0.059490,2.46,230324,13060300,48,0.62,682
551,51.541527,-0.059503,2.46,230324,13060400,47,0.62,683
552,51.541490,-0.059557,3.80,230324,13060500,48,0.62,683
553,51.541432,-0.059633,3.80,230324,13060600,48,0.62,683
554,51.541347,-0.059837,8.19,230324,13060700,48,0.62,683
555,51.541318,-0.059990,13.94,230324,13060800,48,0.62,683
556,51.541302,-0.060155,15.81,230324,13060900,48,0.62,682
557,51.541287,-0.060210,17.34,230324,13061000,48,0.62,682
558,51.541245,-0.060405,16.90,230324,13061100,48,0.62,683
559,51.541242,-0.060578,20.08,230324,13061200,48,0.62,683
560,51.541262,-0.060768,20.24,230324,13061300,48,0.62,683
561,51.541373,-0.061215,20.24,230324,13061500,47,0.62,683
562,51.541447,-0.061478,20.24,230324,13061600,48,0.62,683
563,51.541467,-0.061650,23.86,230324,13061700,48,0.62,683
564,51.541478,-0.061842,24.22,230324,13061800,48,0.62,683
565,51.541525,-0.062105,25.14,230324,13061900,47,0.62,683
566,51.541555,-0.062353,27.28,230324,13062000,47,0.62,683
567,51.541575,-0.062605,29.15,230324,13062100,48,0.62,683
568,51.541563,-0.062823,31.05,230324,13062200,48,0.62,683
569,51.541707,-0.059533,32.19,230324,13062300,48,0.62,683
570,51.541678,-0.059273,2.67,230324,13062400,48,0.62,683
571,51.541620,-0.059357,4.23,230324,13062500,47,0.62,683
572,51.541695,-0.059643,3.41,230324,13062700,47,0.62,683
573,51.541663,-0.059622,7.31,230324,13062800,48,0.62,683
574,51.541668,-0.059583,5.19,230324,13062900,48,0.62,683
575,51.541665,-0.059540,5.19,230324,13063000,47,0.62,683
576,51.541658,-0.059482,5.19,230324,13063100,48,0.62,683
577,51.541673,-0.059460,5.19,230324,13063200,47,0.62,683
578,51.541687,-0.059405,3.25,230324,13063300,47,0.62,683
579,51.541697,-0.059387,3.37,230324,13063400,48,0.62,683
580,51.541705,-0.059372,3.02,230324,13063500,47,0.62,683
581,51.541717,-0.059362,2.76,230324,13063600,48,0.62,683
582,51.541723,-0.059365,2.55,230324,13063700,48,0.62,683
583,51.541753,-0.059332,2.97,230324,13063900,47,0.62,683
584,51.541765,-0.059313,3.45,230324,13064000,47,0.62,683
585,51.541780,-0.059300,3.67,230324,13064100,48,0.62,683
586,51.541797,-0.059293,3.67,230324,13064200,48,0.62,682
587,51.541810,-0.059285,3.67,230324,13064300,48,0.62,683
588,51.541820,-0.059285,3.67,230324,13064400,48,0.62,683
589,51.541828,-0.059275,2.27,230324,13064500,48,0.62,683
590,51.541823,-0.059278,2.07,230324,13064600,47,0.62,683
591,51.541828,-0.059278,0.00,230324,13064700,48,0.62,683
592,51.541825,-0.059263,0.00,230324,13064800,48,0.62,683
593,51.541825,-0.059253,0.00,230324,13064900,48,0.62,683
594,51.541825,-0.059240,1.90,230324,13065000,47,0.62,683
595,51.541792,-0.059178,2.67,230324,13065200,48,0.62,683
596,51.541788,-0.059162,2.67,230324,13065300,48,0.62,683
597,51.541792,-0.059155,3.80,230324,13065400,47,0.62,683
598,51.541792,-0.059143,3.80,230324,13065500,47,0.62,683
599,51.541792,-0.059138,3.80,230324,13065600,48,0.62,683
600,51.541820,-0.059130,1.07,230324,13065700,48,0.62,683
601,51.541808,-0.059118,1.99,230324,13065800,48,0.62,683
602,51.541805,-0.059097,2.46,230324,13065900,47,0.62,683
603,51.541798,-0.059070,2.66,230324,13070000,48,0.62,683
604,51.541822,-0.059033,2.98,230324,13070100,48,0.62,683
605,51.541835,-0.058995,3.99,230324,13070200,48,0.62,683
606,51.541845,-0.058905,3.99,230324,13070400,48,0.62,683
607,51.541870,-0.058785,5.29,230324,13070500,48,0.62,683
608,51.541885,-0.058790,11.89,230324,13070600,48,0.62,683
609,51.541895,-0.058803,10.44,230324,13070700,48,0.62,683
610,51.541887,-0.058810,8.48,230324,13070800,48,0.62,683
611,51.541887,-0.058838,8.48,230324,13070900,48,0.62,683
612,51.541873,-0.058850,5.28,230324,13071000,48,0.62,683
613,51.541858,-0.058830,4.82,230324,13071100,48,0.62,683
614,51.541858,-0.058830,5.48,230324,13071200,48,0.62,683
615,51.541862,-0.058840,4.96,230324,13071300,48,0.62,683
616,51.541865,-0.058857,3.84,230324,13071400,47,0.62,683
617,51.541880,-0.058883,1.83,230324,13071500,48,0.62,683
618,51.541882,-0.058877,2.73,230324,13071700,48,0.62,683
619,51.541883,-0.058880,2.73,230324,13071800,48,0.62,683
620,51.541910,-0.058890,2.34,230324,13071900,48,0.62,683
621,51.541930,-0.058902,2.26,230324,13072000,48,0.62,683
622,51.541940,-0.058900,2.07,230324,13072100,48,0.62,683
623,51.541947,-0.058900,1.75,230324,13072200,47,0.62,683
624,51.541955,-0.058893,1.48,230324,13072300,47,0.62,683
625,51.541952,-0.058878,1.96,230324,13072400,48,0.62,683
626,51.541968,-0.058873,2.75,230324,13072500,48,0.62,683
627,51.542005,-0.058873,2.97,230324,13072600,48,0.62,683
628,51.542038,-0.058883,3.72,230324,13072700,48,0.62,683
629,51.542043,-0.058872,3.35,230324,13072800,48,0.62,683
630,51.542077,-0.058853,3.65,230324,13073000,48,0.62,683
631,51.542092,-0.058863,3.65,230324,13073100,47,0.62,683
632,51.542108,-0.058858,3.65,230324,13073200,48,0.62,683
633,51.542102,-0.058860,2.45,230324,13073300,48,0.62,683
634,51.542100,-0.058867,1.99,230324,13073400,47,0.62,683
635,51.542122,-0.058868,1.90,230324,13073500,48,0.62,683
636,51.542138,-0.058867,2.24,230324,13073600,48,0.62,683
637,51.542172,-0.058858,2.26,230324,13073700,47,0.62,683
638,51.542192,-0.058847,2.46,230324,13073800,47,0.62,683
639,51.542217,-0.058835,2.93,230324,13073900,47,0.62,683
640,51.542242,-0.058823,4.83,230324,13074000,48,0.62,683
641,51.542288,-0.058808,4.83,230324,13074200,48,0.62,683
642,51.542303,-0.058798,5.41,230324,13074300,48,0.62,683
643,51.542308,-0.058773,4.70,230324,13074400,48,0.62,683
644,51.542320,-0.058758,3.94,230324,13074500,48,0.62,683
645,51.542333,-0.058745,3.94,230324,13074600,47,0.62,683
646,51.542348,-0.058738,3.77,230324,13074700,47,0.62,683
647,51.542367,-0.058730,3.75,230324,13074800,48,0.62,683
648,51.542382,-0.058727,3.60,230324,13074900,48,0.62,683
649,51.542393,-0.058718,3.39,230324,13075000,47,0.62,683
650,51.542405,-0.058712,3.00,230324,13075100,48,0.62,683
651,51.542413,-0.058702,2.99,230324,13075200,48,0.62,683
652,51.542422,-0.058687,2.51,230324,13075300,48,0.62,683
653,51.542440,-0.058665,2.43,230324,13075500,48,0.62,683
654,51.542452,-0.058655,2.32,230324,13075600,47,0.62,683
655,51.542462,-0.058650,2.43,230324,13075700,48,0.62,683
656,51.542470,-0.058640,2.58,230324,13075800,47,0.62,683
657,51.542482,-0.058635,2.41,230324,13075900,47,0.62,683
658,51.542500,-0.058640,2.12,230324,13080000,47,0.62,683
659,51.542517,-0.058638,3.05,230324,13080100,48,0.62,683
660,51.542532,-0.058632,3.42,230324,13080200,48,0.62,683
661,51.542550,-0.058633,3.58,230324,13080300,47,0.62,683
662,51.542562,-0.058637,3.66,230324,13080400,48,0.62,683
663,51.542570,-0.058637,2.01,230324,13080500,48,0.62,683
664,51.542598,-0.058643,2.26,230324,13080700,48,0.62,683
665,51.542615,-0.058653,2.26,230324,13080800,47,0.62,683
666,51.542630,-0.058657,2.26,230324,13080900,47,0.62,683
667,51.542642,-0.058657,2.26,230324,13081000,48,0.62,683
668,51.542652,-0.058645,2.70,230324,13081100,48,0.62,683
669,51.542648,-0.058638,2.57,230324,13081200,48,0.62,683
670,51.542653,-0.058630,0.00,230324,13081300,48,0.62,683
671,51.542662,-0.058632,0.00,230324,13081400,48,0.62,683
672,51.542672,-0.058640,0.00,230324,13081500,48,0.62,683
673,51.542682,-0.058648,2.65,230324,13081600,47,0.62,683
674,51.542702,-0.058665,4.47,230324,13081700,47,0.62,682
675,51.542712,-0.058672,4.68,230324,13081800,47,0.62,683
676,51.542748,-0.058665,6.28,230324,13082000,47,0.62,683
677,51.542763,-0.058660,6.28,230324,13082100,47,0.62,683
678,51.542777,-0.058655,5.39,230324,13082200,47,0.62,683
679,51.542792,-0.058658,5.39,230324,13082300,47,0.62,683
680,51.542812,-0.058665,4.56,230324,13082400,47,0.62,683
681,51.542830,-0.058662,5.29,230324,13082500,47,0.62,683
682,51.542852,-0.058648,6.50,230324,13082600,47,0.62,683
683,51.542878,-0.058640,8.10,230324,13082700,47,0.62,683
684,51.542908,-0.058632,8.02,230324,13082800,47,0.62,683
685,51.542935,-0.058637,8.11,230324,13082900,47,0.62,683
686,51.542973,-0.058633,7.84,230324,13083100,47,0.62,682
687,51.542992,-0.058650,7.84,230324,13083200,47,0.62,683
688,51.543002,-0.058643,6.52,230324,13083300,47,0.62,683
689,51.543017,-0.058642,6.52,230324,13083400,48,0.62,683
690,51.543028,-0.058663,5.78,230324,13083500,48,0.62,683
691,51.543033,-0.058680,5.78,230324,13083600,47,0.62,683
692,51.543038,-0.058693,4.04,230324,13083700,48,0.62,683
693,51.543028,-0.058687,3.75,230324,13083800,48,0.62,683
694,51.543033,-0.058678,3.16,230324,13083900,47,0.62,683
695,51.543040,-0.058663,3.39,230324,13084000,47,0.62,683
696,51.543045,-0.058670,3.82,230324,13084100,47,0.62,683
697,51.543047,-0.058652,3.36,230324,13084200,46,0.62,683
698,51.543048,-0.058653,3.43,230324,13084400,47,0.62,683
699,51.543048,-0.058620,3.43,230324,13084500,46,0.62,683
700,51.543052,-0.058615,3.43,230324,13084600,47,0.62,683
701,51.543040,-0.058588,3.43,230324,13084700,47,0.62,683
702,51.543038,-0.058580,2.87,230324,13084800,47,0.62,683
703,51.543042,-0.058613,2.45,230324,13084900,47,0.62,683
704,51.543058,-0.058642,2.62,230324,13085000,47,0.62,683
705,51.543067,-0.058667,3.69,230324,13085100,47,0.62,683
706,51.543088,-0.058678,4.27,230324,13085200,46,0.62,683
707,51.543105,-0.058713,4.49,230324,13085300,47,0.62,683
708,51.543115,-0.058725,4.00,230324,13085400,47,0.62,683
709,51.543123,-0.058733,2.69,230324,13085600,47,0.62,683
710,51.543110,-0.058700,2.27,230324,13085700,47,0.62,683
711,51.543108,-0.058698,2.26,230324,13085800,47,0.62,683
712,51.543110,-0.058700,1.53,230324,13085900,47,0.62,683
713,51.543105,-0.058702,1.00,230324,13090000,47,0.62,683
714,51.543103,-0.058700,0.00,230324,13090100,47,0.62,683
715,51.543105,-0.058702,0.00,230324,13090200,47,0.62,683
716,51.543112,-0.058700,0.00,230324,13090300,47,0.62,683
717,51.543120,-0.058697,2.09,230324,13090400,47,0.62,683
718,51.543128,-0.058695,2.11,230324,13090500,47,0.62,683
719,51.543135,-0.058695,2.01,230324,13090600,46,0.62,682
720,51.543155,-0.058725,2.01,230324,13090800,46,0.62,683
721,51.543170,-0.058730,2.01,230324,13090900,47,0.62,682
722,51.543183,-0.058740,2.01,230324,13091000,47,0.62,683
723,51.543212,-0.058748,3.82,230324,13091100,47,0.62,683
724,51.543222,-0.058763,3.82,230324,13091200,47,0.62,683
725,51.543232,-0.058788,3.06,230324,13091300,47,0.62,682
726,51.543237,-0.058905,2.61,230324,13091400,47,0.62,682
727,51.543243,-0.058965,2.29,230324,13091500,47,0.62,683
728,51.543253,-0.059005,3.06,230324,13091600,47,0.62,683
729,51.543270,-0.059028,2.96,230324,13091700,48,0.62,683
730,51.543278,-0.059037,2.34,230324,13091800,47,0.62,683
731,51.543295,-0.059048,2.34,230324,13092000,47,0.62,683
732,51.543293,-0.059040,2.34,230324,13092100,48,0.62,683
733,51.543277,-0.059015,1.44,230324,13092200,47,0.62,683
734,51.543265,-0.058993,3.34,230324,13092300,47,0.62,683
735,51.543255,-0.058970,3.34,230324,13092400,48,0.62,683
736,51.543247,-0.058945,3.34,230324,13092500,48,0.62,683
737,51.543247,-0.058923,4.42,230324,13092600,48,0.62,688
